Player,Session,Total Distance (m),RPE,Avg Speed (m/min),Top Speed (m/s),HSD (m),HSD Ratio
Benny,3/8 Training 1 ,3540.0,6.0,47.83783783783784,8.1,111.0,0.03135593220338983
Benny,3/8 Training 2,450.0,6.0,45.0,6.3,6.0,0.013333333333333334
Benny,3/8 Training Total,3990.0,6.0,47.5,8.1,117.0,0.029323308270676692
Benny,3/8 Game 1,650.0,6.0,72.22222222222223,8.5,37.0,0.05692307692307692
Benny,3/8 Game 2,590.0,6.0,65.55555555555556,8.1,36.0,0.061016949152542375
Benny,3/8 Game Total,1240.0,6.0,68.88888888888889,8.5,73.0,0.05887096774193548
Benny,3/29 Training 1,2340.0,5.0,57.073170731707314,7.0,3.0,0.001282051282051282
Benny,3/29 Training 2,730.0,5.0,48.666666666666664,6.6,5.0,0.00684931506849315
Benny,3/29 Training 3,780.0,5.0,55.714285714285715,7.4,14.0,0.017948717948717947
Benny,3/29 Training 4,1030.0,5.0,49.04761904761905,7.6,8.0,0.007766990291262136
Benny,3/29 Training 5,740.0,5.0,56.92307692307692,6.8,8.0,0.010810810810810811
Benny,3/29 Training 6,510.0,5.0,63.75,5.0,0.0,0.0
Benny,3/29 Training Total,6130.0,5.0,54.732142857142854,7.6,38.0,0.006199021207177814
Benny,3/29 Game 1,470.0,5.0,78.33333333333333,5.8,0.0,0.0
Benny,3/29 Game 2,460.0,5.0,65.71428571428571,8.3,32.0,0.06956521739130435
Benny,3/29 Game Total,930.0,5.0,71.53846153846153,8.3,32.0,0.034408602150537634
Benny,4/19 Training Total,840.0,5.0,52.5,5.4,0.0,0.0
Benny,4/19 Game 1,440.0,5.0,73.33333333333333,5.2,0.0,0.0
Benny,4/19 Game 2,490.0,5.0,81.66666666666667,8.1,7.0,0.014285714285714285
Benny,4/19 Game 3,480.0,5.0,80.0,8.7,9.0,0.01875
Benny,4/19 Game 4,600.0,5.0,85.71428571428571,6.1,1.0,0.0016666666666666668
Benny,4/19 Game 5,480.0,5.0,68.57142857142857,5.7,0.0,0.0
Benny,4/19 Game 6,410.0,5.0,68.33333333333333,6.1,1.0,0.0024390243902439024
Benny,4/19 Game Total,3740.0,5.0,98.42105263157895,8.7,18.0,0.004812834224598931
Benny,5/10 Training 1,360.0,5.0,60.0,4.8,0.0,0.0
Benny,5/10 Training 2,530.0,5.0,66.25,4.9,0.0,0.0
Benny,5/10 Training 3,800.0,5.0,50.0,7.7,5.0,0.00625
Benny,5/10 Training 4,730.0,5.0,60.833333333333336,6.9,7.0,0.009589041095890411
Benny,5/10 Training 5,620.0,5.0,56.36363636363637,6.3,4.0,0.0064516129032258064
Benny,5/10 Training 6,540.0,5.0,49.09090909090909,6.9,0.0,0.0
Benny,5/10 Training 7,1920.0,5.0,60.0,7.3,4.0,0.0020833333333333333
Benny,5/10 Training Total,5500.0,5.0,57.291666666666664,7.7,20.0,0.0036363636363636364
Benny,5/10 Game 1,270.0,6.0,67.5,5.8,0.0,0.0
Benny,5/10 Game 2,280.0,6.0,70.0,5.5,0.0,0.0
Benny,5/10 Game 3,310.0,6.0,62.0,5.0,0.0,0.0
Benny,5/10 Game Total,860.0,6.0,66.15384615384616,5.8,0.0,0.0
Benny,5/31 Training 1,640.0,5.0,53.333333333333336,5.9,0.0,0.0
Benny,5/31 Training 2,890.0,5.0,49.44444444444444,5.4,0.0,0.0
Benny,5/31 Training 3,490.0,5.0,49.0,4.8,0.0,0.0
Benny,5/31 Training 4,720.0,5.0,45.0,5.2,0.0,0.0
Benny,5/31 Training 5,580.0,5.0,64.44444444444444,7.0,18.0,0.03103448275862069
Benny,5/31 Training 6,510.0,5.0,51.0,6.5,7.0,0.013725490196078431
Benny,5/31 Training 7,720.0,5.0,60.0,6.4,2.0,0.002777777777777778
Benny,5/31 Training 8,370.0,5.0,61.666666666666664,4.4,0.0,0.0
Benny,5/31 Training Total,4920.0,5.0,52.903225806451616,7.0,27.0,0.00548780487804878
Benny,7/12 Training 1,380.0,5.0,47.5,4.6,0.0,0.0
Benny,7/12 Training 2,810.0,6.0,50.625,6.9,6.0,0.007407407407407408
Benny,7/12 Training 3,610.0,7.0,61.0,6.5,14.0,0.022950819672131147
Benny,7/12 Training 4,670.0,8.0,51.53846153846154,5.7,0.0,0.0
Benny,7/12 Training 5,620.0,8.0,44.285714285714285,5.5,0.0,0.0
Benny,7/12 Training 6,610.0,8.0,43.57142857142857,4.7,0.0,0.0
Benny,7/12 Training 7,340.0,8.0,48.57142857142857,5.1,0.0,0.0
Benny,7/12 Training Total,4040.0,7.0,49.26829268292683,6.9,20.0,0.0049504950495049506
Benny,8/23 Training 1,610.0,6.0,67.77777777777777,5.9,0.0,0.0
Benny,8/23 Training 2,500.0,6.0,50.0,5.9,0.0,0.0
Benny,8/23 Training 3,390.0,6.0,55.714285714285715,4.9,0.0,0.0
Benny,8/23 Training 4,440.0,6.0,48.888888888888886,5.6,0.0,0.0
Benny,8/23 Training 5,510.0,6.0,46.36363636363637,5.7,0.0,0.0
Benny,8/23 Training 6,470.0,6.0,52.22222222222222,6.8,11.0,0.023404255319148935
Benny,8/23 Training 7,400.0,6.0,50.0,5.5,0.0,0.0
Benny,8/23 Training 8,500.0,6.0,50.0,7.7,11.0,0.022
Benny,8/23 Training 9,300.0,6.0,42.857142857142854,5.4,0.0,0.0
Benny,8/23 Training Total,4120.0,6.0,51.5,7.7,22.0,0.005339805825242718
Benny,9/6 corner passing shoot,650.0,7.0,54.166666666666664,6.2,1.0,0.0015384615384615385
Benny,9/6 passing shoot,730.0,7.0,48.666666666666664,6.5,4.0,0.005479452054794521
Benny,9/6 man down offense 1,490.0,7.0,54.44444444444444,5.4,0.0,0.0
Benny,9/6 man down offense 2,410.0,7.0,45.55555555555556,5.8,0.0,0.0
Benny,9/6 5v5,420.0,7.0,60.0,5.7,0.0,0.0
Benny,9/6 Training Total,2700.0,7.0,51.92307692307692,6.5,5.0,0.001851851851851852
Benny,9/6 Game 1,510.0,7.0,72.85714285714286,7.7,7.0,0.013725490196078431
Benny,9/6 Game 2,630.0,7.0,78.75,7.5,51.0,0.08095238095238096
Benny,9/6 Game 3,470.0,7.0,78.33333333333333,6.9,6.0,0.01276595744680851
Benny,9/6 Game 4,1020.0,7.0,78.46153846153847,6.8,17.0,0.016666666666666666
Benny,9/6 Game Total,2630.0,7.0,77.3529411764706,7.7,81.0,0.030798479087452472
Leo,3/8 Training 1 ,3380.0,6.0,45.67567567567568,9.1,126.0,0.03727810650887574
Leo,3/8 Training 2,490.0,6.0,49.0,5.1,0.0,0.0
Leo,3/8 Training Total,3870.0,6.0,46.07142857142857,9.1,126.0,0.03255813953488372
Leo,3/8 Game 1,690.0,6.0,76.66666666666667,7.2,16.0,0.02318840579710145
Leo,3/8 Game 2,550.0,6.0,61.111111111111114,6.3,2.0,0.0036363636363636364
Leo,3/8 Game Total,1240.0,6.0,68.88888888888889,7.2,18.0,0.014516129032258065
Leo,3/29 Training 1,2370.0,7.0,57.80487804878049,6.9,4.0,0.0016877637130801688
Leo,3/29 Training 2,730.0,7.0,48.666666666666664,7.0,4.0,0.005479452054794521
Leo,3/29 Training 3,830.0,7.0,59.285714285714285,7.0,23.0,0.027710843373493974
Leo,3/29 Training 4,1090.0,7.0,51.904761904761905,5.4,0.0,0.0
Leo,3/29 Training 5,670.0,7.0,51.53846153846154,4.8,0.0,0.0
Leo,3/29 Training 6,430.0,7.0,53.75,6.0,0.0,0.0
Leo,3/29 Training Total,6120.0,7.0,54.642857142857146,7.0,31.0,0.005065359477124183
Leo,3/29 Game 1,510.0,7.0,85.0,6.5,102.0,0.2
Leo,3/29 Game 2,520.0,7.0,74.28571428571429,6.6,10.0,0.019230769230769232
Leo,3/29 Game Total,1030.0,7.0,79.23076923076923,6.6,112.0,0.1087378640776699
Leo,4/19 Training Total,920.0,6.0,57.5,6.1,1.0,0.0010869565217391304
Leo,4/19 Game 1,430.0,6.0,71.66666666666667,6.7,21.0,0.04883720930232558
Leo,4/19 Game 2,500.0,6.0,83.33333333333333,6.3,1.0,0.002
Leo,4/19 Game 3,510.0,6.0,85.0,7.1,9.0,0.01764705882352941
Leo,4/19 Game 4,510.0,6.0,72.85714285714286,6.0,0.0,0.0
Leo,4/19 Game 5,560.0,6.0,80.0,6.5,5.0,0.008928571428571428
Leo,4/19 Game 6,430.0,6.0,71.66666666666667,6.7,6.0,0.013953488372093023
Leo,4/19 Game Total,3860.0,6.0,71.48148148148148,8.7,43.0,0.011139896373056995
Leo,5/10 Training 1,360.0,5.0,60.0,5.9,0.0,0.0
Leo,5/10 Training 2,550.0,5.0,68.75,7.6,3.0,0.005454545454545455
Leo,5/10 Training 3,720.0,5.0,45.0,6.1,1.0,0.001388888888888889
Leo,5/10 Training 4,820.0,5.0,68.33333333333333,7.1,10.0,0.012195121951219513
Leo,5/10 Training 5,560.0,5.0,50.90909090909091,6.2,1.0,0.0017857142857142857
Leo,5/10 Training 6,580.0,5.0,52.72727272727273,7.1,12.0,0.020689655172413793
Leo,5/10 Training 7,1840.0,5.0,57.5,7.6,4.0,0.002173913043478261
Leo,5/10 Training Total,5430.0,5.0,56.5625,7.6,31.0,0.00570902394106814
Leo,5/10 Game 1,260.0,5.0,65.0,5.8,0.0,0.0
Leo,5/10 Game 2,280.0,5.0,70.0,5.4,0.0,0.0
Leo,5/10 Game 3,290.0,5.0,58.0,6.2,1.0,0.0034482758620689655
Leo,5/10 Game Total,830.0,5.0,63.84615384615385,6.2,1.0,0.0012048192771084338
Leo,5/31 Training 1,630.0,5.0,52.5,6.2,1.0,0.0015873015873015873
Leo,5/31 Training 2,920.0,5.0,51.111111111111114,5.9,0.0,0.0
Leo,5/31 Training 3,470.0,5.0,47.0,5.1,0.0,0.0
Leo,5/31 Training 4,740.0,5.0,46.25,5.0,0.0,0.0
Leo,5/31 Training 5,470.0,5.0,52.22222222222222,5.8,0.0,0.0
Leo,5/31 Training 6,470.0,5.0,47.0,5.3,0.0,0.0
Leo,5/31 Training 7,660.0,5.0,55.0,5.8,0.0,0.0
Leo,5/31 Training 8,390.0,5.0,65.0,5.8,0.0,0.0
Leo,5/31 Training Total,4750.0,5.0,51.075268817204304,6.2,1.0,0.0002105263157894737
Leo,7/12 Training 1,410.0,5.0,51.25,4.7,0.0,0.0
Leo,7/12 Training 2,850.0,6.0,53.125,6.0,1.0,0.001176470588235294
Leo,7/12 Training 3,680.0,6.0,68.0,8.2,25.0,0.03676470588235294
Leo,7/12 Training 4,570.0,6.0,43.84615384615385,6.3,1.0,0.0017543859649122807
Leo,7/12 Training 5,700.0,7.0,50.0,5.1,0.0,0.0
Leo,7/12 Training 6,560.0,7.0,40.0,4.8,0.0,0.0
Leo,7/12 Training 7,430.0,8.0,61.42857142857143,5.2,0.0,0.0
Leo,7/12 Training Total,4200.0,6.0,51.21951219512195,8.2,27.0,0.0064285714285714285
Leo,8/23 Training 1,650.0,6.0,72.22222222222223,7.7,11.0,0.016923076923076923
Leo,8/23 Training 2,480.0,6.0,48.0,6.9,6.0,0.0125
Leo,8/23 Training 3,400.0,6.0,57.142857142857146,6.7,1.0,0.0025
Leo,8/23 Training 4,460.0,6.0,51.111111111111114,6.0,0.0,0.0
Leo,8/23 Training 5,470.0,6.0,42.72727272727273,3.8,0.0,0.0
Leo,8/23 Training 6,470.0,6.0,52.22222222222222,6.3,6.0,0.01276595744680851
Leo,8/23 Training 7,310.0,6.0,38.75,6.6,2.0,0.0064516129032258064
Leo,8/23 Training 8,450.0,6.0,45.0,4.7,0.0,0.0
Leo,8/23 Training 9,310.0,6.0,44.285714285714285,6.4,1.0,0.0032258064516129032
Leo,8/23 Training Total,4000.0,6.0,50.0,7.7,27.0,0.00675
Leo,9/6 corner passing shoot,650.0,6.0,54.166666666666664,5.1,0.0,0.0
Leo,9/6 passing shoot,700.0,6.0,46.666666666666664,6.8,5.0,0.007142857142857143
Leo,9/6 man down offense 1,640.0,6.0,71.11111111111111,6.2,1.0,0.0015625
Leo,9/6 man down offense 2,490.0,6.0,54.44444444444444,6.2,1.0,0.0020408163265306124
Leo,9/6 5v5,360.0,6.0,51.42857142857143,6.5,3.0,0.008333333333333333
Leo,9/6 Training Total,2840.0,6.0,54.61538461538461,6.8,10.0,0.0035211267605633804
Leo,9/6 Game 1,370.0,6.0,52.857142857142854,6.8,10.0,0.02702702702702703
Leo,9/6 Game 2,490.0,6.0,61.25,7.3,7.0,0.014285714285714285
Leo,9/6 Game 3,390.0,6.0,65.0,8.4,17.0,0.04358974358974359
Leo,9/6 Game 4,770.0,6.0,59.23076923076923,8.1,10.0,0.012987012987012988
Leo,9/6 Game Total,2020.0,6.0,59.411764705882355,8.4,44.0,0.02178217821782178
Jason,3/29 Training 1,2290.0,6.0,55.853658536585364,5.8,0.0,0.0
Jason,3/29 Training 2,720.0,6.0,48.0,6.4,2.0,0.002777777777777778
Jason,3/29 Training 3,830.0,6.0,59.285714285714285,8.2,47.0,0.056626506024096385
Jason,3/29 Training 4,1240.0,6.0,59.04761904761905,6.5,2.0,0.0016129032258064516
Jason,3/29 Training 5,810.0,6.0,62.30769230769231,6.2,2.0,0.0024691358024691358
Jason,3/29 Training 6,500.0,6.0,62.5,5.9,0.0,0.0
Jason,3/29 Training Total,6390.0,6.0,57.05357142857143,8.2,53.0,0.008294209702660408
Jason,3/29 Game 1,480.0,6.0,80.0,6.1,4.0,0.008333333333333333
Jason,3/29 Game 2,510.0,6.0,72.85714285714286,7.6,12.0,0.023529411764705882
Jason,3/29 Game Total,990.0,6.0,76.15384615384616,7.6,16.0,0.01616161616161616
Jason,4/19 Training Total,890.0,7.0,55.625,8.5,9.0,0.010112359550561797
Jason,4/19 Game 1,500.0,7.0,83.33333333333333,8.0,12.0,0.024
Jason,4/19 Game 2,500.0,7.0,83.33333333333333,7.8,7.0,0.014
Jason,4/19 Game 3,470.0,7.0,78.33333333333333,8.7,37.0,0.07872340425531915
Jason,4/19 Game 4,510.0,7.0,72.85714285714286,6.7,1.0,0.00196078431372549
Jason,4/19 Game 5,490.0,7.0,70.0,4.8,0.0,0.0
Jason,4/19 Game 6,450.0,7.0,75.0,7.0,20.0,0.044444444444444446
Jason,4/19 Game Total,3810.0,5.0,70.55555555555556,8.7,86.0,0.02257217847769029
Jason,5/10 Training 1,330.0,5.0,55.0,5.3,0.0,0.0
Jason,5/10 Training 2,510.0,5.0,63.75,5.8,0.0,0.0
Jason,5/10 Training 3,730.0,5.0,45.625,6.2,1.0,0.0013698630136986301
Jason,5/10 Training 4,610.0,5.0,50.833333333333336,6.1,1.0,0.001639344262295082
Jason,5/10 Training 5,540.0,5.0,49.09090909090909,6.5,8.0,0.014814814814814815
Jason,5/10 Training 6,550.0,5.0,50.0,6.5,20.0,0.03636363636363636
Jason,5/10 Training 7,1780.0,5.0,55.625,7.5,5.0,0.0028089887640449437
Jason,5/10 Training Total,5050.0,5.0,52.604166666666664,7.5,35.0,0.006930693069306931
Jason,5/10 Game 1,310.0,6.0,77.5,8.7,14.0,0.04516129032258064
Jason,5/10 Game 2,260.0,6.0,65.0,6.0,0.0,0.0
Jason,5/10 Game 3,360.0,6.0,72.0,7.3,5.0,0.013888888888888888
Jason,5/10 Game Total,930.0,6.0,71.53846153846153,8.7,19.0,0.02043010752688172
Jason,5/31 Training 1,620.0,5.0,51.666666666666664,4.8,0.0,0.0
Jason,5/31 Training 2,840.0,5.0,46.666666666666664,6.7,1.0,0.0011904761904761906
Jason,5/31 Training 3,450.0,5.0,45.0,5.5,0.0,0.0
Jason,5/31 Training 4,700.0,5.0,43.75,5.0,0.0,0.0
Jason,5/31 Training 5,520.0,5.0,57.77777777777778,6.5,5.0,0.009615384615384616
Jason,5/31 Training 6,510.0,5.0,51.0,6.6,6.0,0.011764705882352941
Jason,5/31 Training 7,660.0,5.0,55.0,5.8,0.0,0.0
Jason,5/31 Training 8,360.0,5.0,60.0,5.7,0.0,0.0
Jason,5/31 Training Total,4660.0,5.0,50.10752688172043,6.7,12.0,0.002575107296137339
Jason,7/12 Training 1,330.0,5.0,41.25,4.8,0.0,0.0
Jason,7/12 Training 2,810.0,6.0,50.625,6.1,1.0,0.0012345679012345679
Jason,7/12 Training 3,660.0,8.0,66.0,7.7,35.0,0.05303030303030303
Jason,7/12 Training 4,660.0,8.0,50.76923076923077,5.5,0.0,0.0
Jason,7/12 Training 5,660.0,7.0,47.142857142857146,5.4,0.0,0.0
Jason,7/12 Training 6,590.0,7.0,42.142857142857146,5.8,0.0,0.0
Jason,7/12 Training 7,360.0,8.0,51.42857142857143,5.3,0.0,0.0
Jason,7/12 Training Total,4070.0,7.0,49.63414634146341,7.7,36.0,0.008845208845208846
Jason,8/23 Training 1,570.0,6.0,63.333333333333336,5.8,0.0,0.0
Jason,8/23 Training 2,450.0,6.0,45.0,5.8,0.0,0.0
Jason,8/23 Training 3,370.0,6.0,52.857142857142854,6.6,3.0,0.008108108108108109
Jason,8/23 Training 4,400.0,6.0,44.44444444444444,3.5,0.0,0.0
Jason,8/23 Training 5,430.0,6.0,39.09090909090909,3.4,0.0,0.0
Jason,8/23 Training 6,430.0,6.0,47.77777777777778,7.6,15.0,0.03488372093023256
Jason,8/23 Training 7,350.0,6.0,43.75,5.6,0.0,0.0
Jason,8/23 Training 8,440.0,6.0,44.0,6.0,1.0,0.0022727272727272726
Jason,8/23 Training 9,280.0,6.0,40.0,4.5,0.0,0.0
Jason,8/23 Training Total,3720.0,6.0,46.5,7.6,19.0,0.00510752688172043
Jason,9/6 corner passing shoot,610.0,6.0,50.833333333333336,6.5,1.0,0.001639344262295082
Jason,9/6 passing shoot,740.0,6.0,49.333333333333336,7.5,4.0,0.005405405405405406
Jason,9/6 man down offense 1,510.0,6.0,56.666666666666664,7.3,12.0,0.023529411764705882
Jason,9/6 man down offense 2,500.0,6.0,55.55555555555556,5.8,0.0,0.0
Jason,9/6 5v5,400.0,6.0,57.142857142857146,6.2,1.0,0.0025
Jason,9/6 Training Total,2760.0,6.0,53.07692307692308,7.5,18.0,0.006521739130434782
Jason,9/6 Game 1,490.0,6.0,70.0,6.9,7.0,0.014285714285714285
Jason,9/6 Game 2,560.0,6.0,70.0,5.4,0.0,0.0
Jason,9/6 Game 3,480.0,6.0,80.0,5.4,0.0,0.0
Jason,9/6 Game 4,950.0,6.0,73.07692307692308,6.6,8.0,0.008421052631578947
Jason,9/6 Game Total,2480.0,6.0,72.94117647058823,6.9,15.0,0.006048387096774193
Mason,3/8 Training 1 ,3390.0,7.5,45.810810810810814,8.9,104.0,0.030678466076696165
Mason,3/8 Training 2,390.0,7.5,39.0,6.5,6.0,0.015384615384615385
Mason,3/8 Training Total,3780.0,7.5,45.0,8.9,110.0,0.0291005291005291
Mason,3/8 Game 1,670.0,7.5,74.44444444444444,7.6,17.0,0.025373134328358207
Mason,3/8 Game 2,610.0,7.5,67.77777777777777,7.6,32.0,0.05245901639344262
Mason,3/8 Game Total,1280.0,7.5,71.11111111111111,7.6,49.0,0.03828125
Mason,3/29 Training 1,2210.0,7.0,53.90243902439025,6.0,0.0,0.0
Mason,3/29 Training 2,710.0,7.0,47.333333333333336,6.1,1.0,0.0014084507042253522
Mason,3/29 Training 3,800.0,7.0,57.142857142857146,7.4,11.0,0.01375
Mason,3/29 Training 4,1150.0,7.0,54.76190476190476,7.3,15.0,0.013043478260869565
Mason,3/29 Training 5,750.0,7.0,57.69230769230769,6.9,4.0,0.005333333333333333
Mason,3/29 Training 6,490.0,7.0,61.25,7.7,1.0,0.0020408163265306124
Mason,3/29 Training Total,6110.0,7.0,54.55357142857143,7.7,32.0,0.005237315875613748
Mason,3/29 Game 1,540.0,7.0,90.0,6.8,17.0,0.03148148148148148
Mason,3/29 Game 2,540.0,7.0,77.14285714285714,8.1,25.0,0.046296296296296294
Mason,3/29 Game Total,1080.0,7.0,83.07692307692308,8.1,42.0,0.03888888888888889
Mason,5/31 Training 1,650.0,5.0,54.166666666666664,6.1,1.0,0.0015384615384615385
Mason,5/31 Training 2,770.0,5.0,42.77777777777778,6.2,1.0,0.0012987012987012987
Mason,5/31 Training 3,430.0,5.0,43.0,3.6,0.0,0.0
Mason,5/31 Training 4,630.0,5.0,39.375,5.0,0.0,0.0
Mason,5/31 Training 5,510.0,5.0,56.666666666666664,6.5,9.0,0.01764705882352941
Mason,5/31 Training 6,480.0,5.0,48.0,5.4,0.0,0.0
Mason,5/31 Training 7,660.0,5.0,55.0,6.1,1.0,0.0015151515151515152
Mason,5/31 Training 8,310.0,5.0,51.666666666666664,3.8,0.0,0.0
Mason,5/31 Training Total,4440.0,5.0,47.74193548387097,6.5,12.0,0.002702702702702703
Mason,7/12 Training 1,390.0,5.0,48.75,5.8,0.0,0.0
Mason,7/12 Training 2,800.0,6.0,50.0,6.3,1.0,0.00125
Mason,7/12 Training 3,720.0,7.0,72.0,7.5,31.0,0.043055555555555555
Mason,7/12 Training 4,590.0,8.0,45.38461538461539,5.3,0.0,0.0
Mason,7/12 Training 5,570.0,7.0,40.714285714285715,5.1,0.0,0.0
Mason,7/12 Training 6,630.0,6.0,45.0,5.8,0.0,0.0
Mason,7/12 Training 7,380.0,6.0,54.285714285714285,7.4,9.0,0.02368421052631579
Mason,7/12 Training Total,4080.0,6.0,49.75609756097561,7.5,41.0,0.010049019607843138
Mason,8/23 Training 1,610.0,6.0,67.77777777777777,6.7,1.0,0.001639344262295082
Mason,8/23 Training 2,470.0,6.0,47.0,6.1,1.0,0.002127659574468085
Mason,8/23 Training 3,420.0,6.0,60.0,6.3,1.0,0.002380952380952381
Mason,8/23 Training 4,440.0,6.0,48.888888888888886,3.6,0.0,0.0
Mason,8/23 Training 5,470.0,6.0,42.72727272727273,4.2,0.0,0.0
Mason,8/23 Training 6,450.0,6.0,50.0,7.0,18.0,0.04
Mason,8/23 Training 7,360.0,6.0,45.0,7.1,7.0,0.019444444444444445
Mason,8/23 Training 8,460.0,6.0,46.0,5.9,0.0,0.0
Mason,8/23 Training 9,280.0,6.0,40.0,4.2,0.0,0.0
Mason,8/23 Training Total,3960.0,6.0,49.5,7.1,28.0,0.007070707070707071
Mason,9/6 corner passing shoot,710.0,7.0,59.166666666666664,5.9,0.0,0.0
Mason,9/6 passing shoot,710.0,7.0,47.333333333333336,6.2,1.0,0.0014084507042253522
Mason,9/6 man down offense 1,470.0,7.0,52.22222222222222,5.8,0.0,0.0
Mason,9/6 man down offense 2,380.0,7.0,42.22222222222222,5.9,0.0,0.0
Mason,9/6 5v5,380.0,7.0,54.285714285714285,5.7,0.0,0.0
Mason,9/6 Training Total,2650.0,7.0,50.96153846153846,6.2,1.0,0.0003773584905660377
Mason,9/6 Game 1,430.0,7.0,61.42857142857143,6.6,1.0,0.002325581395348837
Mason,9/6 Game 2,460.0,7.0,57.5,7.2,9.0,0.01956521739130435
Mason,9/6 Game 3,460.0,7.0,76.66666666666667,6.8,6.0,0.013043478260869565
Mason,9/6 Game 4,760.0,7.0,58.46153846153846,8.8,14.0,0.018421052631578946
Mason,9/6 Game Total,2110.0,7.0,62.05882352941177,8.8,30.0,0.014218009478672985
Jackson,3/8 Training 1 ,3370.0,6.0,45.54054054054054,9.6,110.0,0.032640949554896145
Jackson,3/8 Training 2,420.0,6.0,42.0,6.1,1.0,0.002380952380952381
Jackson,3/8 Training Total,3790.0,6.0,45.11904761904762,9.6,111.0,0.02928759894459103
Jackson,3/8 Game 1,550.0,6.0,61.111111111111114,6.5,3.0,0.005454545454545455
Jackson,3/8 Game 2,640.0,6.0,71.11111111111111,6.4,6.0,0.009375
Jackson,3/8 Game Total,1190.0,6.0,66.11111111111111,6.5,9.0,0.007563025210084034
Jackson,3/29 Training 1,2410.0,6.0,58.78048780487805,7.1,2.0,0.0008298755186721991
Jackson,3/29 Training 2,740.0,6.0,49.333333333333336,5.7,0.0,0.0
Jackson,3/29 Training 3,950.0,6.0,67.85714285714286,7.5,25.0,0.02631578947368421
Jackson,3/29 Training 4,1240.0,6.0,59.04761904761905,7.2,14.0,0.01129032258064516
Jackson,3/29 Training 5,710.0,6.0,54.61538461538461,5.6,0.0,0.0
Jackson,3/29 Training 6,470.0,6.0,58.75,6.0,1.0,0.002127659574468085
Jackson,3/29 Training Total,6520.0,6.0,58.214285714285715,7.5,42.0,0.006441717791411043
Jackson,3/29 Game 1,500.0,6.0,83.33333333333333,7.3,1.0,0.002
Jackson,3/29 Game 2,470.0,6.0,67.14285714285714,8.4,60.0,0.1276595744680851
Jackson,3/29 Game Total,970.0,6.0,74.61538461538461,8.4,61.0,0.06288659793814433
Jackson,4/19 Training Total,880.0,6.0,55.0,5.9,0.0,0.0
Jackson,4/19 Game 1,430.0,6.0,71.66666666666667,6.4,23.0,0.053488372093023255
Jackson,4/19 Game 2,420.0,6.0,70.0,6.8,6.0,0.014285714285714285
Jackson,4/19 Game 3,480.0,6.0,80.0,7.0,12.0,0.025
Jackson,4/19 Game 4,580.0,6.0,96.66666666666667,6.1,1.0,0.0017241379310344827
Jackson,4/19 Game 5,500.0,6.0,71.42857142857143,8.6,29.0,0.058
Jackson,4/19 Game 6,390.0,6.0,65.0,7.4,8.0,0.020512820512820513
Jackson,4/19 Game Total,3680.0,5.0,69.43396226415095,8.7,79.0,0.021467391304347827
Jackson,5/10 Training 1,350.0,5.0,58.333333333333336,5.8,0.0,0.0
Jackson,5/10 Training 2,290.0,5.0,36.25,4.5,0.0,0.0
Jackson,5/10 Training 3,810.0,5.0,50.625,5.4,0.0,0.0
Jackson,5/10 Training 4,620.0,5.0,51.666666666666664,6.1,1.0,0.0016129032258064516
Jackson,5/10 Training 5,590.0,5.0,53.63636363636363,6.4,3.0,0.005084745762711864
Jackson,5/10 Training 6,530.0,5.0,48.18181818181818,5.5,0.0,0.0
Jackson,5/10 Training 7,1670.0,5.0,52.1875,6.8,3.0,0.0017964071856287425
Jackson,5/10 Training Total,4860.0,5.0,50.625,6.8,7.0,0.001440329218106996
Jackson,5/10 Game 1,250.0,6.0,62.5,5.2,0.0,0.0
Jackson,5/10 Game 2,240.0,6.0,60.0,5.4,0.0,0.0
Jackson,5/10 Game 3,320.0,6.0,64.0,7.1,3.0,0.009375
Jackson,5/10 Game Total,810.0,6.0,62.30769230769231,7.1,3.0,0.003703703703703704
Jackson,8/23 Training 1,550.0,6.0,61.111111111111114,4.6,0.0,0.0
Jackson,8/23 Training 2,480.0,6.0,48.0,6.2,6.0,0.0125
Jackson,8/23 Training 3,380.0,6.0,54.285714285714285,5.8,0.0,0.0
Jackson,8/23 Training 4,440.0,6.0,48.888888888888886,5.0,0.0,0.0
Jackson,8/23 Training 5,380.0,6.0,34.54545454545455,3.8,0.0,0.0
Jackson,8/23 Training 6,430.0,6.0,47.77777777777778,6.5,2.0,0.004651162790697674
Jackson,8/23 Training 7,310.0,6.0,38.75,6.1,2.0,0.0064516129032258064
Jackson,8/23 Training 8,410.0,6.0,41.0,5.7,0.0,0.0
Jackson,8/23 Training 9,290.0,6.0,41.42857142857143,5.2,0.0,0.0
Jackson,8/23 Training Total,3670.0,6.0,45.875,6.5,10.0,0.0027247956403269754
Jackson,9/6 corner passing shoot,670.0,7.0,55.833333333333336,5.8,0.0,0.0
Jackson,9/6 passing shoot,720.0,7.0,48.0,5.6,0.0,0.0
Jackson,9/6 man down offense 1,630.0,7.0,70.0,6.5,7.0,0.011111111111111112
Jackson,9/6 man down offense 2,550.0,7.0,61.111111111111114,7.9,19.0,0.034545454545454546
Jackson,9/6 5v5,390.0,7.0,55.714285714285715,6.1,1.0,0.002564102564102564
Jackson,9/6 Training Total,2960.0,7.0,56.92307692307692,7.9,27.0,0.009121621621621622
Jackson,9/6 Game 1,430.0,7.0,61.42857142857143,7.3,16.0,0.037209302325581395
Jackson,9/6 Game 2,500.0,7.0,62.5,5.7,0.0,0.0
Jackson,9/6 Game 3,420.0,7.0,70.0,7.9,18.0,0.04285714285714286
Jackson,9/6 Game 4,810.0,7.0,62.30769230769231,7.2,9.0,0.011111111111111112
Jackson,9/6 Game Total,2160.0,7.0,63.529411764705884,7.9,43.0,0.01990740740740741
